,Test Acc,Macro F1,Balanced Accuracy
full,0.7161885245901639,0.5059550463416215,0.4969278397286246
filtered,0.8565573770491803,0.7837604988314344,0.7748866613814899
