,mfcc_30,mfcc_120,chroma_12,cqt_30,cqt_70
mix,0.808748007476328,0.7732812398438016,0.5553868553720999,0.6382048810412035,0.6944251060265183
4000,,,,,
