,Test Acc,Macro F1,Balanced Accuracy
Random Forest,0.8104508196721312,0.5053576369801461,0.5225190946931677
XGBoost,0.8104508196721312,0.5053576369801461,0.5225190946931677
MLP,0.8104508196721312,0.5053576369801461,0.5225190946931677
CatBoost,0.8104508196721312,0.5053576369801461,0.5225190946931677
