,mfcc_30,mfcc_120,chroma_12,cqt_30,cqt_70
mix,0.6324933237363751,0.6922090973613,0.4133021640906727,0.4653500137181212,0.5227399430516808
4000,,,,,
