,mfcc_30,mfcc_120,chroma_12,cqt_30,cqt_70
mix,0.6667548759864316,0.6698339316985512,0.45364997876236673,0.5816302000474253,0.5979015086227091
4000,0.6828848322153375,0.6853330855454656,0.5369189541285043,0.5618225214535809,0.6467633043092745
