,mfcc_30,mfcc_120,chroma_12,cqt_30,cqt_70
mix,0.7385826771653543,0.7496062992125985,0.6283464566929133,0.710236220472441,0.7307086614173228
4000,,,,,
