,none,priori,posteriori,both
Random Forest,1.0,1.0,1.0,1.0
SVM,0.647834274952919,0.5808014090708938,0.8404471544715447,0.7804878048780488
Logistic Regression,0.8418079096045198,0.7868780273007485,0.9036585365853659,0.8617886178861789
