,Test Acc,Macro F1,Macro Precision,Macro Recall
Random Forest,0.8345070422535211,0.8316080248242186,0.8824903294651193,0.8140933896960723
XGBoost,0.8679577464788732,0.8682598390954555,0.8992938582873935,0.8512962053316508
MLP,0.6214788732394366,0.6157410520747109,0.6297958313760287,0.6146616576701646
CatBoost,0.8714788732394366,0.8766241550191236,0.9116621366429796,0.858361610416287
