,mfcc_30,mfcc_120,chroma_12,cqt_30,cqt_70
mix,0.7590551181102362,0.7622047244094489,0.568503937007874,0.6692913385826772,0.6803149606299213
4000,,,,,
