,mfcc_30,mfcc_120,chroma_12,cqt_30,cqt_70
mix,0.46155780889059556,0.494458665169221,0.34602093768331754,0.4182962628654959,0.43398422494095373
4000,,,,,
