,mfcc_30,mfcc_120,chroma_12,cqt_30,cqt_70
mix,0.8488188976377953,0.8220472440944881,0.6362204724409449,0.7165354330708661,0.7653543307086614
4000,,,,,
