,none,posteriori
Random Forest,0.6087697205554254,0.6696164011995818
SVM,0.38499549048067205,0.4548171224152943
Logistic Regression,0.5151772069995009,0.473209016356898
