,mfcc_30,mfcc_120,chroma_12,cqt_30,cqt_70
mix,0.7883775084869065,0.7521736994921265,0.4704774576029495,0.5841541654006843,0.6591466621382094
4000,,,,,
