,30 MFCC,60 MFCC,90 MFCC,120 MFCC,12  Chroma,20 CQT,30 CQT,40 CQT,60 CQT,70 CQT,20 RMS,40 RMS,60 RMS,20 Zero Crossing Rates,40 Zero Crossing Rates,60 Zero Crossing Rates,20 Spectral Centroid,40 Spectral Centroid,60 Spectral Centroid,20 Spectral Bandwidth,40 Spectral Bandwidth,60 Spectral Bandwidth,20 Spectral Rolloff,40 Spectral Rolloff,60 Spectral Rolloff
Random Forest,0.8646616541353384,0.849624060150376,0.8515037593984962,0.8421052631578947,0.6992481203007519,0.7218045112781954,0.7575187969924813,0.7481203007518797,0.7838345864661654,0.7951127819548872,0.7462406015037594,0.7857142857142857,0.7763157894736842,0.6917293233082706,0.7030075187969925,0.7011278195488722,0.7593984962406015,0.7631578947368421,0.7518796992481203,0.7537593984962406,0.7650375939849624,0.7725563909774437,0.7669172932330827,0.7744360902255639,0.7481203007518797
SVM,0.7781954887218046,0.7800751879699248,0.7800751879699248,0.7800751879699248,0.6766917293233082,0.7030075187969925,0.7086466165413534,0.7161654135338346,0.7255639097744361,0.7631578947368421,0.6146616541353384,0.6372180451127819,0.6597744360902256,0.5714285714285714,0.5695488721804511,0.5789473684210527,0.6879699248120301,0.6466165413533834,0.6372180451127819,0.7142857142857143,0.7255639097744361,0.7236842105263158,0.6522556390977443,0.6278195488721805,0.631578947368421
Logistic Regression,0.7593984962406015,0.7631578947368421,0.7819548872180451,0.7857142857142857,0.6071428571428571,0.6484962406015038,0.6466165413533834,0.6466165413533834,0.6597744360902256,0.6823308270676691,0.5357142857142857,0.49624060150375937,0.4755639097744361,0.5657894736842105,0.5601503759398496,0.5582706766917294,0.5808270676691729,0.5545112781954887,0.5225563909774437,0.5338345864661654,0.5112781954887218,0.5,0.5526315789473685,0.5169172932330827,0.49624060150375937
