,Test Acc,Macro F1,Macro Precision,Macro Recall
Random Forest,0.8345070422535211,0.8316080248242186,0.8824903294651193,0.8140933896960723
XGBoost,0.8679577464788732,0.8682598390954555,0.8992938582873935,0.8512962053316508
MLP,0.6848591549295775,0.678139523646746,0.6870543343746514,0.6760183635761974
