,mfcc_30,mfcc_120,chroma_12,cqt_30,cqt_70
mix,0.6302364588652036,0.6487234180203084,0.4802769377477755,0.5762244134258449,0.60725140954357
4000,,,,,
