,Test Acc,Macro F1,Macro Precision,Macro Recall
Random Forest,0.8345070422535211,0.8316080248242186,0.8824903294651193,0.8140933896960723
XGBoost,0.6408450704225352,0.6286985299408807,0.652706373761825,0.6263026280304639
MLP,0.49119718309859156,0.46534639672981315,0.46589970066097913,0.4711093679490762
