,mfcc_30,mfcc_120,chroma_12,cqt_30,cqt_70
mix,0.6088043545039693,0.6163389528148955,0.2967077175697866,0.39313645871604724,0.3981163317397435
4000,,,,,
