,Test Acc,Macro F1,Balanced Accuracy
Random Forest,0.8165983606557377,0.6485477467530559,0.6398332633298497
XGBoost,0.8370901639344263,0.7117705885354253,0.6916235764811048
MLP,0.8299180327868853,0.7763363437379704,0.7744259268583703
CatBoost,0.8514344262295082,0.7428930056698368,0.7287606180353821
LightGBM,0.8411885245901639,0.725802881787488,0.6973704348464171
Ensemble,0.8493852459016393,0.7429867806639276,0.7157721350334081
NN Ensemble,0.8391393442622951,0.6914023696561032,0.6815135403234827
