,Test Acc,Macro F1,Balanced Accuracy
Random Forest,0.8627819548872181,0.6116880740829875,0.586209450030285
XGBoost,0.8890977443609023,0.6979991622864944,0.67852934022068
MLP,0.7236842105263158,0.5292322246793836,0.5297442695984039
CatBoost,0.9041353383458647,0.7555520527737022,0.7466852910977402
