,Test Acc,Macro F1,Balanced Accuracy
Random Forest,0.8670886075949367,0.7643893214235419,0.7380085003035822
XGBoost,0.8829113924050633,0.8094167324936555,0.7901740538352561
MLP,0.9082278481012658,0.8662798737659884,0.878668285772111
CatBoost,0.9050632911392406,0.8589111668059036,0.84846184982797
