,none,priori,posteriori,both
Random Forest,0.7036625526276278,0.8447045225427896,0.6116880740829875,0.8316080248242186
SVM,0.3909169926119079,0.5009365256078114,0.4165294575883142,0.6286985299408807
Logistic Regression,0.47120363933610154,0.6546587894912889,0.5524676214254953,0.6364929489165565
