,mfcc_30,mfcc_120,chroma_12,cqt_30,cqt_70
mix,0.657565494466017,0.7161595227525478,0.320355939586645,0.5237596917541142,0.5487520523828473
4000,0.6324933237363751,0.6922090973613,0.4133021640906727,0.4653500137181212,0.5227399430516808
