,mfcc_30,mfcc_120,chroma_12,cqt_30,cqt_70
mix,0.7368969573961884,0.600575274285897,0.36789477084744654,0.47629182338442116,0.5582221994017815
4000,,,,,
