,mfcc_30,mfcc_120,chroma_12,cqt_30,cqt_70
mix,0.645359808842373,0.6475198906842342,0.36861761884840577,0.5089278897872443,0.5259477992605995
4000,,,,,
