,Test Acc,Macro F1,Balanced Accuracy
Random Forest,0.8322784810126582,0.776731078904992,0.8143088443634893
XGBoost,0.8575949367088608,0.7946407946407946,0.810159886662619
MLP,0.689873417721519,0.5102401786149696,0.5600080955272212
CatBoost,0.8829113924050633,0.849195683389728,0.8821594818862577
