,Test Acc,Macro F1,Balanced Accuracy
Random Forest,0.7894002789400278,0.7789355042235575,0.7744917768868966
XGBoost,0.8019525801952581,0.7972672677456354,0.7951048012879194
MLP,0.803347280334728,0.8024619713356195,0.8067489504087881
CatBoost,0.8186889818688982,0.8126236310126888,0.8087258120521481
