,none,priori,posteriori,both
Random Forest,0.8796992481203008,0.8503521126760564,0.8627819548872181,0.8345070422535211
SVM,0.674812030075188,0.5915492957746479,0.6654135338345865,0.6408450704225352
Logistic Regression,0.7124060150375939,0.6778169014084507,0.7387218045112782,0.6461267605633803
