,mfcc_30,mfcc_120,chroma_12,cqt_30,cqt_70
mix,0.6828848322153375,0.6853330855454656,0.5369189541285043,0.5618225214535809,0.6467633043092745
4000,,,,,
