,Test Acc,Macro F1,Balanced Accuracy
Random Forest,0.8449367088607594,0.7902708516671556,0.8176988463873709
XGBoost,0.8734177215189873,0.8335700020502852,0.8609087229305808
MLP,0.8924050632911392,0.8566502463054189,0.9006780004047763
CatBoost,0.879746835443038,0.8373569722117441,0.8711799230924914
