,Test Acc,Macro F1,Balanced Accuracy
Random Forest,0.8449367088607594,0.7902708516671556,0.8176988463873709
XGBoost,0.8734177215189873,0.8335700020502852,0.8609087229305808
CatBoost,0.879746835443038,0.8373569722117441,0.8711799230924914
MLP_rollercoaster,0.8860759493670886,0.8546324488908222,0.87391216352965
